# Consolidate to canonical short slugs
/built-for-signal-not-noise.html  /technology.html 301
/investor-resources-hub.html      /resources.html 301
/what-results-means.html          /results.html 301
/we-back-our-service-if-we-dont-deliver-youre-covered.html /guarantee.html 301
/transparent-pricing-clear-value-no-surprises.html /pricing.html 301
/the-unfair-advantage-for-modern-investors.html /advantage.html 301
/nationwide-sourcing.html /sourcing.html 301
/were-redefining-property-investment-by-making-it-simpler-more-transparent-and-less-stressful.html /about.html 301
/we-build-wealth-backed-by-15-years-of-experience.html /team.html 301
/speak-with-a-property-investment-specialist.html /book.html 301
/speak-with-a-property-investment-specialist-2.html /contact.html 301

# Retire platform page; consolidate to How It Works
/platform.html /how-it-works.html 301

# Pretty URLs for property detail pages
/property/:slug  /property/:slug.html  200

# WordPress-style blog URLs to articles
/:year/:month/:slug/   /articles/:slug.html 301
/:year/:month/:slug    /articles/:slug.html 301
/blog/:slug/           /articles/:slug.html 301
/blog/:slug            /articles/:slug.html 301

# WordPress sections to articles/resources
/investor-guides/:slug/   /articles/:slug.html 301
/investor-guides/:slug    /articles/:slug.html 301
/market-updates/:slug/    /articles/:slug.html 301
/market-updates/:slug     /articles/:slug.html 301
/investor-updates/:slug/  /articles/:slug.html 301
/investor-updates/:slug   /articles/:slug.html 301

# Top-level WordPress pages
/about-us                 /about.html 301
/contact-us               /contact.html 301
/get-started              /book.html 301
/investor-assessment-session /book.html 301
/how-we-do-it             /how-it-works.html 301
/our-technology           /technology.html 301
/our-results              /results.html 301
/money-back-guarantee     /guarantee.html 301
/pricing                  /pricing.html 301
/privacy-policy           /privacy.html 301
/terms-and-conditions     /terms.html 301
/what-we-do               /advantage.html 301
/why-choose-proppy        /advantage.html 301
/properties-we-source     /sourcing.html 301
/investor-guides          /resources.html 301
/investor-updates         /resources.html 301
/market-updates           /resources.html 301
/reviews-and-customer-testimonials /results.html 301
/sitemap                  /site-map.html 301

# WordPress taxonomy archives to Resources
/category/*  /resources.html 301
/tag/*       /resources.html 301
/author/*    /resources.html 301

# WordPress search to Resources
/?s=:query   /resources.html 301
